,COMPANY NAME,RANK 2019,2019 REVENUE(₹ Cr),2019 PAT IN CRORES,2019 MARKET CAP(₹ Cr),2019 COMPANY TYPE,2019 REVENUE(₹ Cr)_%CHANGE,2019 PAT IN CRORES_%CHANGE,PAT% CATEGORY,REVENUE% CATEGORY
0,Reliance Industries Ltd.,1,575873,39588,949280.0,Large-Cap,40.355841528656214,9.738045738045738,LOW,MODERATE
1,State Bank of India,4,330687,2299,290140.0,Large-Cap,7.881850538451751,-150.4609306409131,NEGATIVE,LOW
2,Indian Oil Corporation Ltd.,2,532247,17376,125768.0,Large-Cap,25.434989076666014,-21.690927937266213,NEGATIVE,MODERATE
3,Oil And Natural Gas Corporation Ltd.,3,432962,30494,172135.0,Large-Cap,29.962808763804134,37.950689889165346,MODERATE,MODERATE
4,Rajesh Exports Ltd.,8,175830,1292,20200.0,Large-Cap,-6.347870549886017,2.1343873517786562,LOW,NEGATIVE
5,Tata Motors Ltd.,5,305280,-28826,48588.0,Large-Cap,1.3633314960786787,-420.71651090342675,NEGATIVE,LOW
6,Bharat Petroleum Corporation Ltd.,6,301200,7802,111550.0,Large-Cap,26.216277374098006,-13.388099467140318,NEGATIVE,MODERATE
7,Hindustan Petroleum Corporation Ltd.,7,277816,6690,45237.0,Large-Cap,25.31563919474228,-7.315045719035744,NEGATIVE,MODERATE
8,Tata Consultancy Services Ltd.,11,150774,31472,799565.0,Large-Cap,18.95853879837469,21.861689769999227,MODERATE,MODERATE
9,ICICI Bank Ltd.,14,131306,4254,318508.0,Large-Cap,10.369928300649748,-44.839211618257266,NEGATIVE,LOW
10,Tata Steel Ltd.,9,159738,10218,45758.0,Large-Cap,8.523561063101255,-23.939258597588207,NEGATIVE,LOW
11,HDFC Bank Ltd.,15,124107,22332,691980.0,Large-Cap,22.46112251341964,20.648298217179903,MODERATE,MODERATE
12,Larsen & Toubro Ltd.,12,143153,8905,195557.0,Large-Cap,16.628239492272474,20.844076536843534,MODERATE,MODERATE
13,Housing Development Finance Corporation Ltd.,17,103584,16231,386084.0,Large-Cap,42.68554741308061,-0.1415036298757229,NEGATIVE,MODERATE
14,Hindalco Industries Ltd.,13,131669,5495,44147.0,Large-Cap,9.334207991496994,-9.6514304505097,NEGATIVE,LOW
15,NTPC Ltd.,18,98274,12640,116721.0,Large-Cap,9.018903088391907,19.889974390590915,MODERATE,LOW
16,Bharti Airtel Ltd.,21,86581,409,207156.0,Large-Cap,-0.14186196715261118,-62.78434940855323,NEGATIVE,NEGATIVE
17,Infosys Ltd.,22,85557,15404,300107.0,Large-Cap,15.990618475637863,-3.8991827312995198,NEGATIVE,MODERATE
18,Punjab National Bank,33,59514,-9570,29309.0,Large-Cap,3.3085682544091095,-21.10469909315746,NEGATIVE,LOW
19,Coal India Ltd.,10,153127,17461,126223.0,Large-Cap,15.222315025922331,148.73219373219374,EXCELLENT,MODERATE
20,Canara Bank,34,54269,601,16129.0,Mid-Cap,11.337012494101717,-115.21133890154391,NEGATIVE,LOW
21,Vedanta Ltd.,19,96386,7065,55138.0,Large-Cap,-5.681462345389072,-31.68632759620963,NEGATIVE,NEGATIVE
22,Bank of Baroda,32,60793,1100,39026.0,Large-Cap,12.479647720544701,-158.2935877053524,NEGATIVE,LOW
23,ICICI Prudential Life Insurance Company Ltd.,44,42053,1138,73315.0,Large-Cap,7.9278308181911505,-29.709697344039533,NEGATIVE,LOW
24,Union Bank of India,49,39355,-2922,18142.0,Mid-Cap,2.452294796032593,-43.937068303914046,NEGATIVE,LOW
25,SBI Life Insurance Company Ltd.,42,44780,1326,97023.0,Large-Cap,30.847675539841628,15.304347826086955,MODERATE,MODERATE
26,Axis Bank Ltd.,26,70232,5038,207918.0,Large-Cap,20.103974280046515,1007.2527472527472,EXCELLENT,MODERATE
27,JSW Steel Ltd.,23,84961,7639,60545.0,Large-Cap,21.116781661629698,22.932088831670423,MODERATE,MODERATE
28,Grasim Industries Ltd.,25,73851,1771,51164.0,Large-Cap,28.945576449635958,-33.86855862584018,NEGATIVE,MODERATE
29,Mahindra & Mahindra Ltd.,16,107752,5315,70212.0,Large-Cap,11.80260850617886,-29.22769640479361,NEGATIVE,LOW
30,HCL Technologies Ltd.,31,61370,10120,154495.0,Large-Cap,18.715543089273623,16.041738332760005,MODERATE,MODERATE
31,Maruti Suzuki India Ltd.,20,88785,7649,218163.0,Large-Cap,8.304768410651768,-2.931472081218274,NEGATIVE,LOW
32,HDFC Life Insurance Company Ltd.,51,38896,1277,117667.0,Large-Cap,19.529209305184228,15.356820234869014,MODERATE,MODERATE
33,Power Finance Corporation Ltd.,35,54201,9920,30178.0,Large-Cap,98.93925490915765,69.74674880219028,HIGH,HIGH
34,Steel Authority of India (SAIL) Ltd.,27,67690,2348,15922.0,Mid-Cap,17.464339013639677,-935.5871886120996,NEGATIVE,MODERATE
35,Wipro Ltd.,30,61632,9003,150850.0,Large-Cap,8.15287965465202,12.50937265683579,LOW,LOW
36,Bajaj Finserv Ltd.,43,42606,3219,142966.0,Large-Cap,39.239844439360766,17.43889091572419,MODERATE,MODERATE
37,GAIL (India) Ltd.,24,78181,6545,57452.0,Large-Cap,40.861590573312675,36.38257970410502,MODERATE,MODERATE
38,Motherson Sumi Systems Ltd.,28,63856,1613,41390.0,Large-Cap,12.365165672455964,1.0018785222291797,LOW,LOW
39,Redington (India) Ltd.,38,46599,507,4475.0,Small-Cap,7.878044263357718,5.405405405405405,LOW,LOW
40,Kotak Mahindra Bank Ltd.,40,45979,7204,305362.0,Large-Cap,18.46288614639425,16.193548387096772,MODERATE,MODERATE
41,ITC Ltd.,36,50538,12592,311546.0,Large-Cap,13.128735477805387,11.720344246295804,LOW,LOW
42,Jindal Steel & Power Ltd.,37,46981,-1645,14789.0,Mid-Cap,66.49891909132792,16.749467707594036,MODERATE,HIGH
43,General Insurance Corporation of India,41,45073,2757,47025.0,Large-Cap,3.487624558019929,-12.337042925278219,NEGATIVE,LOW
44,Bank of India,39,46268,-5426,23430.0,Large-Cap,4.7782961184836275,-8.975004193927195,NEGATIVE,LOW
45,Hindustan Unilever Ltd.,48,39860,6054,451807.0,Large-Cap,10.452227887386389,16.11047180667434,MODERATE,LOW
46,Indian Bank,81,21073,380,6069.0,Mid-Cap,7.89514105780554,-70.99236641221374,NEGATIVE,LOW
47,UltraTech Cement Ltd.,52,37817,2434,118658.0,Large-Cap,17.791621242797074,9.54095409540954,LOW,MODERATE
48,Vodafone Idea Ltd.,47,41367,-14603,14637.0,Mid-Cap,42.8714512675278,250.3598848368522,EXCELLENT,MODERATE
49,Power Grid Corporation of India Ltd.,53,36149,10033,101447.0,Large-Cap,16.95677494499806,22.383508172725055,MODERATE,MODERATE
50,Adani Enterprises Ltd.,45,41579,717,22678.0,Large-Cap,7.51150643843409,-5.284015852047556,NEGATIVE,LOW
51,UPL Ltd.,76,22091,1447,42810.0,Large-Cap,22.3403666168245,-28.437190900098912,NEGATIVE,MODERATE
52,Tech Mahindra Ltd.,54,35276,4297,73731.0,Large-Cap,9.590232688185404,13.108712819162937,LOW,LOW
53,REC Ltd.,70,25441,5741,27476.0,Large-Cap,9.877343007687656,22.435487310727233,MODERATE,LOW
54,IndusInd Bank Ltd.,65,27907,3300,99094.0,Large-Cap,26.67725828415797,-8.48585690515807,NEGATIVE,MODERATE
55,Tata Power Company Ltd.,59,33412,2190,15377.0,Mid-Cap,0.5991629783518502,-11.550888529886914,NEGATIVE,LOW
56,Sun Pharmaceutical Industries Ltd.,62,30091,2665,104709.0,Large-Cap,11.049193637672067,23.322535863026378,MODERATE,LOW
57,The New India Assurance Company Ltd.,66,27615,604,25249.0,Large-Cap,10.583853916386353,-72.40749200548196,NEGATIVE,LOW
58,Mangalore Refinery And Petrochemicals Ltd.,29,63600,340,8561.0,Mid-Cap,26.67051723794539,-82.93172690763052,NEGATIVE,MODERATE
59,Hero MotoCorp Ltd.,55,34718,3444,50973.0,Large-Cap,4.7584562928095115,-7.419354838709677,NEGATIVE,LOW
60,Max Financial Services Ltd.,89,19501,262,12916.0,Mid-Cap,17.433457786342284,-11.486486486486488,NEGATIVE,MODERATE
61,MMTC Ltd.,64,29489,108,2782.0,Small-Cap,85.98007063572149,191.89189189189187,EXCELLENT,HIGH
62,Bajaj Auto Ltd.,60,32496,4927,92776.0,Large-Cap,21.91333708497468,16.80891417733523,MODERATE,MODERATE
63,Aurobindo Pharma Ltd.,87,19721,2364,25922.0,Large-Cap,15.665689149560116,-2.434997936442427,NEGATIVE,MODERATE
64,Adani Power Ltd.,68,26361,-984,24808.0,Large-Cap,24.97511022614137,-53.56300141576216,NEGATIVE,MODERATE
65,Bajaj Finance Ltd.,91,18501,3994,244755.0,Large-Cap,37.4006683995544,49.364248317127895,MODERATE,MODERATE
66,Petronet LNG Ltd.,50,38920,2230,41521.0,Large-Cap,25.759338244797725,5.687203791469194,LOW,MODERATE
67,Central Bank of India,71,25164,-5616,8934.0,Mid-Cap,-6.044879214427062,9.281961471103326,LOW,NEGATIVE
68,Ambuja Cements Ltd.,67,26424,2177,40011.0,Large-Cap,10.04956061805006,43.60158311345646,MODERATE,LOW
69,IDBI Bank Ltd.,69,25637,-14986,34522.0,Large-Cap,-15.358711083231535,84.28430890309888,HIGH,NEGATIVE
70,Hindustan Zinc Ltd.,74,22900,7956,89331.0,Large-Cap,-3.0810902319282207,-14.23027166882277,NEGATIVE,NEGATIVE
71,Avenue Supermarts Ltd.,78,22003,902,118206.0,Large-Cap,30.939062128064748,11.910669975186105,LOW,MODERATE
72,YES Bank Ltd.,56,34299,1709,17121.0,Mid-Cap,34.18489104495129,-59.62674226317033,NEGATIVE,MODERATE
73,Hindustan Aeronautics Ltd.,84,20270,2265,26206.0,Large-Cap,9.178067435096413,9.261939218523878,LOW,LOW
74,Chennai Petroleum Corporation Ltd.,46,41405,-205,2119.0,Small-Cap,24.762708289390424,-122.11434735706581,NEGATIVE,MODERATE
75,Indian Overseas Bank,79,21837,-3737,9623.0,Mid-Cap,0.8125201975901389,-40.67312271789173,NEGATIVE,LOW
76,Asian Paints Ltd.,88,19609,2159,167782.0,Large-Cap,-0.4417140536149472,5.937193326790972,LOW,NEGATIVE
77,Titan Company Ltd.,86,19961,1404,104761.0,Large-Cap,16.16038175046555,24.24778761061947,MODERATE,MODERATE
78,Tata Steel BSL Ltd.,72,24183,1711,2802.0,Small-Cap,40.57431843283148,-106.96519438225116,NEGATIVE,MODERATE
79,Sundaram Clayton Ltd.,80,21579,432,4362.0,Small-Cap,22.080787508486083,27.810650887573964,MODERATE,MODERATE
80,Reliance Infrastructure Ltd.,58,33748,-2426,948.0,Small-Cap,12.572133827012241,-281.1799850634802,NEGATIVE,LOW
81,Ashok Leyland Ltd.,57,33795,2078,23364.0,Large-Cap,16.157970715611466,18.06818181818182,MODERATE,MODERATE
82,LIC Housing Finance Ltd.,94,17395,2433,21730.0,Large-Cap,15.160542866600462,20.864381520119224,MODERATE,MODERATE
83,Aditya Birla Capital Ltd.,105,15397,870,21060.0,Large-Cap,12.881231671554252,5.582524271844661,LOW,LOW
84,TVS Motor Company Ltd.,85,20187,704,21701.0,Large-Cap,23.046446422040717,7.975460122699387,LOW,MODERATE
85,Cipla Ltd.,97,16838,1527,37803.0,Large-Cap,6.93509462720691,8.297872340425531,LOW,LOW
86,Dr. Reddy's Laboratories Ltd.,103,15785,1950,47169.0,Large-Cap,9.035021067900809,106.13107822410149,EXCELLENT,LOW
87,Reliance Capital Ltd.,82,20693,-1513,501.0,Small-Cap,3.9953764197406776,-215.58441558441558,NEGATIVE,LOW
88,Oil India Ltd.,101,16058,3237,17462.0,Mid-Cap,28.58744394618834,18.3979517190929,MODERATE,MODERATE
89,EID Parry (India) Ltd.,98,16668,153,3179.0,Small-Cap,4.272755708476697,-40.0,NEGATIVE,LOW
90,PTC India Ltd.,106,15285,425,1682.0,Small-Cap,-22.74840796522794,19.718309859154928,MODERATE,NEGATIVE
91,IDFC First Bank Ltd.,117,13142,-1907,20611.0,Large-Cap,28.61616754746526,-316.95108077360635,NEGATIVE,MODERATE
92,UCO Bank,102,15844,-4321,11549.0,Mid-Cap,4.643022257446669,-2.5924256086564474,NEGATIVE,LOW
93,Bharat Heavy Electricals Ltd.,61,31029,1011,19171.0,Mid-Cap,7.444856123827003,129.2517006802721,EXCELLENT,LOW
94,Apollo Tyres Ltd.,92,17672,679,9734.0,Mid-Cap,17.002118644067796,-6.085753803596127,NEGATIVE,MODERATE
95,Shriram Transport Finance Company Ltd.,104,15545,2575,25709.0,Large-Cap,24.739207189857165,65.48843187660668,HIGH,MODERATE
96,Tata Communications Ltd.,99,16587,-82,10603.0,Mid-Cap,-2.6070107451118547,-75.0,NEGATIVE,NEGATIVE
97,MRF Ltd.,100,16484,1130,26962.0,Large-Cap,8.397448543433946,-0.08841732979664013,NEGATIVE,LOW
98,Federal Bank Ltd.,119,12970,1316,17192.0,Mid-Cap,17.11060948081264,40.74866310160428,MODERATE,MODERATE
99,NMDC Ltd.,123,12741,4618,31762.0,Large-Cap,2.9492566257272137,21.271008403361343,MODERATE,LOW
100,InterGlobe Aviation Ltd.,63,29821,157,55842.0,Large-Cap,24.430443127764335,-92.99732381801962,NEGATIVE,MODERATE
101,Exide Industries Ltd.,108,14869,845,16213.0,Mid-Cap,13.956161863887187,22.463768115942027,MODERATE,LOW
102,Lupin Ltd.,95,17085,606,34487.0,Large-Cap,8.221954772914424,141.4342629482072,EXCELLENT,LOW
103,Adani Ports & Special Economic Zone Ltd.,128,12287,3990,76616.0,Large-Cap,-0.3729830535960431,8.630547236591342,LOW,NEGATIVE
104,Indus Towers Ltd.,182,8385,2493,42691.0,Large-Cap,1.6979987871437234,0.0,NEGATIVE,LOW
105,Cadila Healthcare Ltd.,113,13366,1848,25012.0,Large-Cap,8.375902051406795,4.112676056338028,LOW,LOW
106,Bandhan Bank Ltd.,200,7707,1951,86375.0,Large-Cap,39.92374727668845,45.05576208178439,MODERATE,MODERATE
107,Bank of Maharashtra,126,12417,-4763,7097.0,Mid-Cap,-1.7331433998100665,328.3273381294964,EXCELLENT,NEGATIVE
108,L&T Finance Holdings Ltd.,115,13301,2226,20106.0,Large-Cap,26.68825602438327,52.57025359835503,HIGH,MODERATE
109,Coromandel International Ltd.,116,13262,720,13806.0,Mid-Cap,18.580114449213163,8.597285067873303,LOW,MODERATE
110,Bharat Electronics Ltd.,130,12237,1886,26688.0,Large-Cap,19.712385051848955,31.795946890286515,MODERATE,MODERATE
111,ACC Ltd.,107,14954,1520,28213.0,Large-Cap,11.273160205372424,64.5021645021645,HIGH,LOW
112,Shree Cements Ltd.,122,12804,1006,70464.0,Large-Cap,25.283757338551858,-27.3121387283237,NEGATIVE,MODERATE
113,Cholamandalam Financial Holdings Ltd.,140,10946,696,8976.0,Mid-Cap,227.23467862481317,16.193656093489146,MODERATE,EXCELLENT
114,Bombay Burmah Trading Corporation Ltd.,132,12082,888,8034.0,Mid-Cap,15.794517922177498,220.57761732851984,EXCELLENT,MODERATE
115,Piramal Enterprises Ltd.,112,13528,1473,35260.0,Large-Cap,24.155653450807634,-71.23608670181605,NEGATIVE,MODERATE
116,Nestle India Ltd.,136,11551,1606,139150.0,Large-Cap,12.517046561465031,31.102040816326532,MODERATE,LOW
117,Britannia Industries Ltd.,138,11261,1159,75697.0,Large-Cap,11.782807226523724,15.43824701195219,MODERATE,LOW
118,Kalpataru Power Transmissions Ltd.,143,10884,466,6952.0,Mid-Cap,24.388571428571428,66.42857142857143,HIGH,MODERATE
119,Chambal Fertilisers & Chemicals Ltd.,153,10376,590,6636.0,Mid-Cap,35.13935920812712,18.473895582329316,MODERATE,MODERATE
120,KEC International Ltd.,139,11032,495,7084.0,Mid-Cap,8.125061256493188,7.608695652173914,LOW,LOW
121,ICICI Lombard General Insurance Company Ltd.,156,10226,1049,61087.0,Large-Cap,20.589622641509433,21.83507549361208,MODERATE,MODERATE
122,Larsen & Toubro Infotech Ltd.,159,9748,1515,29091.0,Large-Cap,26.073460941541644,36.24100719424461,MODERATE,MODERATE
123,NLC India Ltd.,134,12046,1507,7660.0,Mid-Cap,1.2779552715654952,-22.39958805355304,NEGATIVE,LOW
124,Mahindra & Mahindra Financial Services Ltd.,149,10477,1827,20938.0,Large-Cap,21.486549165120593,78.59237536656892,HIGH,MODERATE
125,Jindal Stainless Ltd.,111,13653,142,1825.0,Small-Cap,17.738875474301484,-58.47953216374269,NEGATIVE,MODERATE
126,Torrent Power Ltd.,114,13358,898,13810.0,Mid-Cap,13.395585738539898,-4.670912951167728,NEGATIVE,LOW
127,CESC Ltd.,137,11508,1183,10114.0,Mid-Cap,-30.494654828773328,2.4242424242424243,LOW,NEGATIVE
128,National Fertilizers Ltd.,127,12301,295,1320.0,Small-Cap,36.58671996446813,39.15094339622642,MODERATE,MODERATE
129,Tata Consumer Products Ltd.,208,7408,408,19097.0,Mid-Cap,5.979971387696709,-17.575757575757574,NEGATIVE,LOW
130,Gujarat State Petronet Ltd.,163,9498,998,12255.0,Mid-Cap,28.646891507517267,34.68286099865047,MODERATE,MODERATE
131,Muthoot Finance Ltd.,204,7601,2078,27695.0,Large-Cap,13.380071599045346,16.47982062780269,MODERATE,LOW
132,Godrej Consumer Products Ltd.,146,10694,2341,73870.0,Large-Cap,5.986124876114966,43.26805385556916,MODERATE,LOW
133,NHPC Ltd.,145,10760,2595,23661.0,Large-Cap,11.50259067357513,3.6755892928485814,LOW,LOW
134,Adani Transmission Ltd.,202,7656,559,30530.0,Large-Cap,88.80394574599259,-51.0507880910683,NEGATIVE,HIGH
135,Glenmark Pharmaceuticals Ltd.,155,10240,924,9127.0,Mid-Cap,13.374667847652791,15.068493150684931,MODERATE,LOW
136,Rain Industries Ltd.,110,14090,581,3458.0,Small-Cap,20.262888357801298,-23.853211009174313,NEGATIVE,MODERATE
137,Quess Corp Ltd.,177,8598,256,7774.0,Mid-Cap,38.1426735218509,-17.419354838709676,NEGATIVE,MODERATE
138,Jindal Saw Ltd.,124,12641,850,2627.0,Small-Cap,42.16149347728295,377.5280898876404,EXCELLENT,MODERATE
139,Edelweiss Financial Services Ltd.,144,10881,995,10895.0,Mid-Cap,26.258992805755394,11.797752808988763,LOW,MODERATE
140,Tata Chemicals Ltd.,133,12070,1155,16440.0,Mid-Cap,1.770657672849916,-52.527743526510484,NEGATIVE,LOW
141,Apollo Hospitals Enterprise Ltd.,161,9649,236,19897.0,Mid-Cap,15.501556140770889,101.7094017094017,EXCELLENT,MODERATE
142,Havells India Ltd.,157,10173,785,42358.0,Large-Cap,18.08473592571097,18.580060422960727,MODERATE,MODERATE
143,RBL Bank Ltd.,197,7743,857,14389.0,Mid-Cap,37.53108348134992,35.8161648177496,MODERATE,MODERATE
144,Allcargo Logistics Ltd.,219,6933,241,2406.0,Small-Cap,13.7863121614968,40.93567251461988,MODERATE,LOW
145,Godrej Industries Ltd.,129,12283,589,14573.0,Mid-Cap,18.98672866414802,39.90498812351544,MODERATE,MODERATE
146,Siemens Ltd.,109,14166,1099,56416.0,Large-Cap,8.344168260038241,21.975582685904552,MODERATE,LOW
147,Dilip Buildcon Ltd.,164,9463,547,5647.0,Mid-Cap,20.34846750604095,-5.1993067590987865,NEGATIVE,MODERATE
148,Bosch Ltd.,121,12853,1598,46092.0,Large-Cap,5.681631310639697,16.557257476294676,MODERATE,LOW
149,BASF India Ltd.,242,6208,81,4224.0,Small-Cap,6.483704974271013,-67.07317073170732,NEGATIVE,LOW
150,Indiabulls Housing Finance Ltd.,96,17027,4090,10153.0,Mid-Cap,16.30464480874317,6.316610345723942,LOW,MODERATE
151,Gujarat Gas Ltd.,194,7867,418,13662.0,Mid-Cap,26.641983258209915,43.15068493150685,MODERATE,MODERATE
152,Dabur India Ltd.,175,8812,1442,82478.0,Large-Cap,8.884220931669343,6.499261447562777,LOW,LOW
153,MphasiS Ltd.,193,7907,1073,16642.0,Mid-Cap,17.891754882958104,28.19593787335723,MODERATE,MODERATE
154,Jindal Stainless (Hisar) Ltd.,150,10476,381,1678.0,Small-Cap,-1.383789889861621,-34.083044982698965,NEGATIVE,NEGATIVE
155,SIS Ltd.,214,7110,215,6768.0,Mid-Cap,21.600820933812212,32.71604938271605,MODERATE,MODERATE
156,Cholamandalam Investment & Finance Company Ltd.,216,7108,1198,24436.0,Large-Cap,29.21287038720233,22.87179487179487,MODERATE,MODERATE
157,Eicher Motors Ltd.,148,10498,2202,60032.0,Large-Cap,10.099632931305717,12.404287901990811,LOW,LOW
158,JK Tyre & Industries Ltd.,151,10452,176,1729.0,Small-Cap,22.87796849282859,166.66666666666669,EXCELLENT,MODERATE
159,National Aluminium Company Ltd.,135,11826,1733,8541.0,Mid-Cap,11.230248306997742,29.135618479880776,MODERATE,LOW
160,Alkem Laboratories Ltd.,206,7444,760,24460.0,Large-Cap,12.651331719128327,20.634920634920633,MODERATE,LOW
161,Marico Ltd.,189,8043,1118,46677.0,Large-Cap,21.38545125264111,37.34643734643734,MODERATE,MODERATE
162,Prestige Estates Projects Ltd.,264,5404,415,11251.0,Mid-Cap,-3.1541218637992836,11.859838274932615,LOW,NEGATIVE
163,Uflex Ltd.,192,7977,313,1456.0,Small-Cap,16.74228011122494,0.967741935483871,LOW,MODERATE
164,Alok Industries Ltd.,152,10439,2076,328.0,Small-Cap,80.91854419410745,-111.17450748196791,NEGATIVE,HIGH
165,Jammu & Kashmir Bank Ltd.,180,8493,463,1798.0,Small-Cap,19.250210614995787,129.20792079207922,EXCELLENT,MODERATE
166,DCM Shriram Ltd.,195,7858,905,5376.0,Mid-Cap,13.538505996243316,35.276532137518686,MODERATE,LOW
167,Aster DM Healthcare Ltd.,190,7997,333,7441.0,Mid-Cap,14.242857142857144,24.253731343283583,MODERATE,LOW
168,APL Apollo Tubes Ltd.,212,7164,148,3671.0,Small-Cap,32.22591362126246,-6.329113924050633,NEGATIVE,MODERATE
169,Kama Holdings Ltd.,196,7787,338,3282.0,Small-Cap,34.560221185415585,39.09465020576132,MODERATE,MODERATE
170,South Indian Bank Ltd.,203,7602,247,2001.0,Small-Cap,8.136557610241821,-26.047904191616766,NEGATIVE,LOW
171,SRF Ltd.,198,7732,641,17985.0,Mid-Cap,34.821272885789014,39.04555314533623,MODERATE,MODERATE
172,Rashtriya Chemicals & Fertilizers Ltd.,174,8988,134,2795.0,Small-Cap,20.70910556003223,71.7948717948718,HIGH,MODERATE
173,Reliance Power Ltd.,179,8538,-2951,1103.0,Small-Cap,-15.649081209247184,-385.3965183752418,NEGATIVE,NEGATIVE
174,Gokul Agro Resources Ltd.,299,4555,10,175.0,Small-Cap,-10.015804030027658,-33.33333333333333,NEGATIVE,NEGATIVE
175,Hindustan Construction Company Ltd.,147,10552,-341,1427.0,Small-Cap,4.485592632933954,-58.108108108108105,NEGATIVE,LOW
176,United Spirits Ltd.,165,9413,700,45108.0,Large-Cap,6.469856351091506,10.584518167456556,LOW,LOW
177,MindTree Ltd.,215,7110,754,11572.0,Mid-Cap,25.77392534937201,32.280701754385966,MODERATE,MODERATE
178,NCC Ltd.,118,13022,578,3491.0,Small-Cap,51.34821013482102,244.04761904761907,EXCELLENT,HIGH
179,Torrent Pharmaceuticals Ltd.,199,7729,436,30383.0,Large-Cap,16.34803552611772,-35.693215339233035,NEGATIVE,MODERATE
180,Punjab & Sind Bank,166,9386,-543,1192.0,Small-Cap,10.048071286200024,-26.917900403768506,NEGATIVE,LOW
181,Zee Entertainment Enterprises Ltd.,184,8187,1567,29264.0,Large-Cap,-0.07323324789454412,5.949966193373902,LOW,NEGATIVE
182,Gujarat State Fertilizer & Chemicals Ltd.,178,8598,493,2945.0,Small-Cap,32.82867294917349,4.2283298097251585,LOW,MODERATE
183,Voltas Ltd.,209,7311,507,23099.0,Large-Cap,12.858907070083358,-11.363636363636363,NEGATIVE,LOW
184,Karnataka Bank Ltd.,220,6907,477,2154.0,Small-Cap,8.294136092819066,46.76923076923077,MODERATE,LOW
185,Ceat Ltd.,217,7043,252,3903.0,Small-Cap,13.67010974822466,6.329113924050633,LOW,LOW
186,PNB Housing Finance Ltd.,201,7683,1191,9307.0,Mid-Cap,39.285714285714285,43.493975903614455,MODERATE,MODERATE
187,Varun Beverages Ltd.,277,5130,292,20699.0,Large-Cap,25.4278728606357,39.04761904761905,MODERATE,MODERATE
188,Whirlpool of India Ltd.,230,6695,409,27955.0,Large-Cap,13.66723259762309,16.857142857142858,MODERATE,LOW
189,Welspun India Ltd.,232,6608,209,5470.0,Mid-Cap,8.988949365000824,-45.57291666666667,NEGATIVE,LOW
190,Pidilite Industries Ltd.,210,7228,924,67715.0,Large-Cap,16.075156576200417,-3.9501039501039505,NEGATIVE,MODERATE
191,Biocon Ltd.,253,5854,905,31464.0,Large-Cap,33.287795992714024,143.27956989247312,EXCELLENT,MODERATE
192,Housing and Urban Development Corporation Ltd.,260,5591,1179,8347.0,Mid-Cap,33.980349868200335,47.559449311639554,MODERATE,MODERATE
193,Amara Raja Batteries Ltd.,223,6839,483,12343.0,Mid-Cap,11.167100130039012,2.547770700636943,LOW,LOW
194,JSW Energy Ltd.,162,9537,695,11962.0,Mid-Cap,10.638051044083527,802.5974025974026,EXCELLENT,LOW
195,Escorts Ltd.,236,6361,478,8015.0,Mid-Cap,23.61057131752818,37.752161383285305,MODERATE,MODERATE
196,Divi's Laboratories Ltd.,280,5101,1352,46093.0,Large-Cap,27.493126718320422,54.16191562143672,HIGH,MODERATE
197,NBCC (India) Ltd.,158,10151,375,6839.0,Mid-Cap,41.31978282054852,5.932203389830509,LOW,MODERATE
198,Birla Corporation Ltd.,231,6627,255,4926.0,Small-Cap,14.992191566892243,66.66666666666666,HIGH,LOW
199,Berger Paints (India) Ltd.,245,6121,497,47662.0,Large-Cap,15.229668674698797,8.043478260869565,LOW,MODERATE
200,GMR Infrastructure Ltd.,181,8394,-3580,12808.0,Mid-Cap,-9.488893681259434,162.65590608950845,EXCELLENT,NEGATIVE
201,Container Corporation of India Ltd.,207,7427,1231,34786.0,Large-Cap,5.257936507936508,14.832089552238806,LOW,LOW
202,Welspun Corp Ltd.,172,9088,-13,3652.0,Small-Cap,20.14806980433633,-108.22784810126582,NEGATIVE,MODERATE
203,JK Cement Ltd.,265,5339,263,8936.0,Mid-Cap,7.749747729566095,-8.996539792387544,NEGATIVE,LOW
204,Bajaj Hindusthan Sugar Ltd.,222,6902,-136,774.0,Small-Cap,16.0,-72.74549098196393,NEGATIVE,MODERATE
205,Jaiprakash Associates Ltd.,142,10891,-2110,524.0,Small-Cap,22.288344935998204,8.931337119256582,LOW,MODERATE
206,Endurance Technologies Ltd.,205,7537,495,15363.0,Mid-Cap,14.561483508131934,26.923076923076923,MODERATE,LOW
207,Future Retail Ltd.,77,22077,732,17355.0,Mid-Cap,6.144526179143228,6554.545454545455,EXCELLENT,LOW
208,Karur Vysya Bank Ltd.,225,6778,210,4667.0,Small-Cap,2.7125322018487648,-39.130434782608695,NEGATIVE,LOW
209,Supreme Industries Ltd.,258,5701,448,14491.0,Mid-Cap,15.45159983799109,3.944315545243619,LOW,MODERATE
210,Bharat Forge Ltd.,154,10348,1032,21068.0,Large-Cap,19.976811594202896,35.43307086614173,MODERATE,MODERATE
211,Dixon Technologies (India) Ltd.,400,2990,63,3520.0,Small-Cap,3.8194444444444446,5.0,LOW,LOW
212,Minda Industries Ltd.,252,5935,285,9147.0,Mid-Cap,28.8257000217061,-8.064516129032258,NEGATIVE,MODERATE
213,Apar Industries Ltd.,191,7978,136,1865.0,Small-Cap,36.914364166809676,-5.555555555555555,NEGATIVE,MODERATE
214,Au Small Finance Bank Ltd.,360,3410,381,22577.0,Large-Cap,58.23665893271461,30.47945205479452,MODERATE,HIGH
215,Jubilant Pharmova Ltd.,171,9146,574,8295.0,Mid-Cap,20.183968462549277,-10.59190031152648,NEGATIVE,MODERATE
216,Manappuram Finance Ltd.,320,4178,922,13846.0,Mid-Cap,20.195627157652474,37.61194029850746,MODERATE,MODERATE
217,Vardhman Textiles Ltd.,213,7116,730,5124.0,Mid-Cap,9.460083064143978,25.645438898450944,MODERATE,LOW
218,Godrej Agrovet Ltd.,249,6024,329,9324.0,Mid-Cap,14.677327241576243,43.66812227074236,MODERATE,LOW
219,PDS Multinational Fashions Ltd.,235,6501,52,825.0,Small-Cap,31.042128603104214,-842.8571428571429,NEGATIVE,MODERATE
220,Tube Investments of India Ltd.,254,5831,240,8409.0,Mid-Cap,15.511093502377179,63.26530612244898,HIGH,MODERATE
221,Shriram City Union Finance Ltd.,247,6069,1001,8789.0,Mid-Cap,12.953657174762704,45.70596797671033,MODERATE,LOW
222,Jain Irrigation Systems Ltd.,168,9257,239,643.0,Small-Cap,7.04209065679926,9.1324200913242,LOW,LOW
223,Mahindra CIE Automotive Ltd.,186,8070,498,5619.0,Mid-Cap,21.81132075471698,39.10614525139665,MODERATE,MODERATE
224,Spicejet Ltd.,167,9266,-302,6621.0,Mid-Cap,16.714951505227358,-154.21903052064633,NEGATIVE,MODERATE
225,IIFL Finance Ltd.,272,5200,690,4556.0,Small-Cap,18.397085610200364,-24.259055982436884,NEGATIVE,MODERATE
226,ABB India Ltd.,218,7030,510,30764.0,Large-Cap,-24.188504259678638,21.71837708830549,MODERATE,NEGATIVE
227,Balkrishna Industries Ltd.,263,5428,773,16617.0,Mid-Cap,12.287960281340505,5.170068027210884,LOW,LOW
228,Shree Renuka Sugars Ltd.,292,4717,-1448,1678.0,Small-Cap,-50.37870818430466,-34.21172194457065,NEGATIVE,NEGATIVE
229,DLF Ltd.,170,9156,1319,51257.0,Large-Cap,-49.90699201225517,-70.44588841586376,NEGATIVE,NEGATIVE
230,PNC Infratech Ltd.,336,3821,351,4699.0,Small-Cap,57.307533964594484,44.44444444444444,MODERATE,HIGH
231,Deepak Fertilisers & Petrochemicals Corporation Ltd.,224,6796,70,892.0,Small-Cap,11.154726856395158,-56.79012345679012,NEGATIVE,LOW
232,Kansai Nerolac Paints Ltd.,262,5484,452,28802.0,Large-Cap,2.81214848143982,-12.062256809338521,NEGATIVE,LOW
233,Hinduja Global Solutions Ltd.,287,4861,177,1255.0,Small-Cap,25.122265122265127,-8.290155440414509,NEGATIVE,MODERATE
234,Prism Johnson Ltd.,240,6225,116,3576.0,Small-Cap,12.364620938628159,176.19047619047618,EXCELLENT,LOW
235,L&T Technology Services Ltd.,267,5301,765,15202.0,Mid-Cap,34.54314720812183,51.18577075098815,HIGH,MODERATE
236,Hatsun Agro Products Ltd.,289,4766,114,9540.0,Mid-Cap,8.416742493175613,26.666666666666668,MODERATE,LOW
237,Surya Roshni Ltd.,250,5984,120,945.0,Small-Cap,19.10828025477707,11.11111111111111,LOW,MODERATE
238,IRB Infrastructure Developers Ltd.,221,6902,849,2666.0,Small-Cap,15.244615127734178,-7.616974972796518,NEGATIVE,MODERATE
239,ISGEC Heavy Engineering Ltd.,279,5119,142,2852.0,Small-Cap,42.43183082915971,-9.554140127388536,NEGATIVE,MODERATE
240,Ipca Laboratories Ltd.,337,3803,444,13818.0,Mid-Cap,16.2641394069092,85.77405857740585,HIGH,MODERATE
241,Alembic Pharmaceuticals Ltd.,330,3944,584,10635.0,Mid-Cap,24.06417112299465,41.74757281553398,MODERATE,MODERATE
242,Gujarat Narmada Valley Fertilizers & Chemicals Ltd.,246,6116,749,3086.0,Small-Cap,2.3598326359832633,-5.6675062972292185,NEGATIVE,LOW
243,Aditya Birla Fashion and Retail Ltd.,185,8182,321,16458.0,Mid-Cap,9.825503355704699,174.35897435897436,EXCELLENT,LOW
244,The Ramco Cements Ltd.,273,5187,510,18730.0,Mid-Cap,15.988372093023257,-9.41385435168739,NEGATIVE,MODERATE
245,Sundaram Finance Ltd.,315,4254,1160,17996.0,Mid-Cap,-30.307994757536044,63.150492264416314,HIGH,NEGATIVE
246,Indraprastha Gas Ltd.,251,5980,842,28652.0,Large-Cap,25.709480765188143,16.78224687933426,MODERATE,MODERATE
247,Ashoka Buildcon Ltd.,285,5007,-33,2687.0,Small-Cap,34.923201293451896,-70.27027027027027,NEGATIVE,MODERATE
248,Arvind Ltd.,211,7226,226,1270.0,Small-Cap,-33.30872173511767,-26.860841423948216,NEGATIVE,NEGATIVE
249,Oracle Financial Services Software Ltd.,276,5134,1385,26126.0,Large-Cap,11.173668254655695,11.96443007275667,LOW,LOW
250,Firstsource Solutions Ltd.,334,3830,377,2973.0,Small-Cap,8.192090395480225,15.644171779141105,MODERATE,LOW
251,Polyplex Corporation Ltd.,291,4733,330,1560.0,Small-Cap,28.439620081411128,107.54716981132076,EXCELLENT,MODERATE
252,TeamLease Services Ltd.,303,4465,98,4462.0,Small-Cap,22.698543555921958,34.24657534246575,MODERATE,MODERATE
253,Thermax Ltd.,244,6123,325,12632.0,Mid-Cap,32.87760416666667,40.08620689655172,MODERATE,MODERATE
254,Sterlite Technologies Ltd.,278,5124,562,5123.0,Mid-Cap,60.17505470459519,68.26347305389223,HIGH,HIGH
255,Crompton Greaves Consumer Electricals Ltd.,301,4526,401,15986.0,Mid-Cap,9.72121212121212,24.148606811145513,MODERATE,LOW
256,Colgate-Palmolive (India) Ltd.,300,4530,775,41745.0,Large-Cap,7.600950118764846,15.156017830609212,MODERATE,LOW
257,Balrampur Chini Mills Ltd.,310,4335,575,3297.0,Small-Cap,9.111502642839165,148.91774891774892,EXCELLENT,LOW
258,City Union Bank Ltd.,313,4281,682,15716.0,Mid-Cap,8.820538891713268,15.202702702702704,MODERATE,LOW
259,Laurus Labs Ltd.,477,2308,93,3776.0,Small-Cap,9.383886255924171,-44.31137724550898,NEGATIVE,LOW
260,JK Lakshmi Cement Ltd.,308,4378,51,3460.0,Small-Cap,13.360952874158466,-7.2727272727272725,NEGATIVE,LOW
261,Cummins India Ltd.,248,6025,742,15463.0,Mid-Cap,13.937216338880484,4.360056258790436,LOW,LOW
262,Gujarat Ambuja Exports Ltd.,325,4033,198,1627.0,Small-Cap,19.319526627218934,10.614525139664805,LOW,MODERATE
263,Triveni Engineering & Industries Ltd.,373,3235,216,1587.0,Small-Cap,-5.2153530618224435,81.5126050420168,HIGH,NEGATIVE
264,PI Industries Ltd.,408,2900,410,19632.0,Mid-Cap,24.516960068699014,11.716621253405995,LOW,MODERATE
265,Coforge Ltd.,343,3729,403,9501.0,Mid-Cap,23.06930693069307,43.92857142857143,MODERATE,MODERATE
266,LT Foods Ltd.,331,3914,126,755.0,Small-Cap,2.91874835656061,-5.970149253731343,NEGATIVE,LOW
267,Bajaj Electricals Ltd.,227,6744,156,3440.0,Small-Cap,41.91919191919192,87.95180722891565,HIGH,MODERATE
268,India Cements Ltd.,256,5809,21,2534.0,Small-Cap,10.37431122933688,-71.23287671232876,NEGATIVE,LOW
269,Trident Ltd.,268,5292,371,3241.0,Small-Cap,14.051724137931036,40.53030303030303,MODERATE,LOW
270,Aarti Industries Ltd.,293,4707,491,14449.0,Mid-Cap,20.107170196478695,47.89156626506024,MODERATE,MODERATE
271,HFCL Ltd.,288,4784,219,2220.0,Small-Cap,48.70997824059683,31.137724550898206,MODERATE,MODERATE
272,Abbott India Ltd.,339,3791,450,25953.0,Large-Cap,7.790730736423088,12.219451371571072,LOW,LOW
273,United Breweries Ltd.,234,6507,562,32812.0,Large-Cap,15.989304812834224,42.63959390862944,MODERATE,MODERATE
274,Bayer Cropscience Ltd.,430,2722,237,15579.0,Mid-Cap,1.4535967200894522,-21.0,NEGATIVE,LOW
275,Blue Star Ltd.,269,5274,190,7678.0,Mid-Cap,6.502423263327948,27.516778523489933,MODERATE,LOW
276,Persistent Systems Ltd.,355,3453,351,4939.0,Small-Cap,9.549492385786802,8.6687306501548,LOW,LOW
277,Cyient Ltd.,290,4752,478,4372.0,Small-Cap,16.756756756756758,18.02469135802469,MODERATE,MODERATE
278,Fortis Healthcare Ltd.,282,5038,-298,11047.0,Mid-Cap,3.8120750051514523,-70.46580773042616,NEGATIVE,LOW
279,Sonata Software Ltd.,399,2990,249,3224.0,Small-Cap,19.6,29.6875,MODERATE,MODERATE
280,Jindal Poly Films Ltd.,338,3799,-408,985.0,Small-Cap,-43.62665083840332,-580.0,NEGATIVE,NEGATIVE
281,KEI Industries Ltd.,317,4238,180,4282.0,Small-Cap,20.84402623324779,25.0,MODERATE,MODERATE
282,Avanti Feeds Ltd.,350,3547,273,6961.0,Mid-Cap,0.8529997156667614,-38.789237668161434,NEGATIVE,LOW
283,Suzlon Energy Ltd.,275,5143,-1527,1364.0,Small-Cap,-41.33013917408168,306.1170212765957,EXCELLENT,NEGATIVE
284,Dhampur Sugar Mills Ltd.,402,2972,251,1257.0,Small-Cap,-4.835094460454691,66.22516556291392,HIGH,NEGATIVE
285,Godawari Power & Ispat Ltd.,366,3331,252,532.0,Small-Cap,32.182539682539684,21.73913043478261,MODERATE,MODERATE
286,KRBL Ltd.,321,4135,503,4817.0,Small-Cap,22.992266508030934,15.898617511520738,MODERATE,MODERATE
287,DCB Bank Ltd.,361,3391,325,5594.0,Mid-Cap,24.531766434080062,32.6530612244898,MODERATE,MODERATE
288,Gayatri Projects Ltd.,354,3472,160,1676.0,Small-Cap,20.263249047454103,-942.1052631578947,NEGATIVE,MODERATE
289,Shipping Corporation of India Ltd.,327,4021,-62,2824.0,Small-Cap,9.564032697547683,-120.26143790849673,NEGATIVE,LOW
290,Aegis Logistics Ltd.,259,5624,221,6030.0,Mid-Cap,17.11786755518534,12.18274111675127,LOW,MODERATE
291,JMC Projects (India) Ltd.,357,3433,76,1792.0,Small-Cap,19.077349982656955,192.30769230769232,EXCELLENT,MODERATE
292,Atul Ltd.,311,4304,432,12230.0,Mid-Cap,31.500152765047357,56.52173913043478,HIGH,MODERATE
293,Wockhardt Ltd.,319,4179,-194,3071.0,Small-Cap,7.761732851985561,-68.0921052631579,NEGATIVE,LOW
294,Zensar Technologies Ltd.,322,4059,313,4244.0,Small-Cap,27.84251968503937,29.87551867219917,MODERATE,MODERATE
295,Jayaswal Neco Industries Ltd.,316,4243,-443,233.0,Small-Cap,21.680527674218524,-9.775967413441954,NEGATIVE,MODERATE
296,Sundram Fasteners Ltd.,298,4584,457,9810.0,Mid-Cap,18.083462132921174,18.393782383419687,MODERATE,MODERATE
297,Raymond Ltd.,228,6707,167,4292.0,Small-Cap,5.755282245348471,24.62686567164179,MODERATE,LOW
298,SJVN Ltd.,388,3107,1366,9667.0,Mid-Cap,17.55580779417329,11.875511875511876,LOW,MODERATE
299,Motilal Oswal Financial Services Ltd.,459,2468,293,10646.0,Mid-Cap,-10.870350306970025,-47.771836007130126,NEGATIVE,NEGATIVE
300,BEML Ltd.,353,3497,63,4067.0,Small-Cap,7.6994148444718205,-51.162790697674424,NEGATIVE,LOW
301,Procter & Gamble Hygiene & Healthcare Ltd.,396,2999,419,36799.0,Large-Cap,24.079437318990486,12.032085561497325,LOW,MODERATE
302,Jaiprakash Power Ventures Ltd.,323,4057,-373,658.0,Small-Cap,-22.457951070336392,-76.61442006269593,NEGATIVE,NEGATIVE
303,Birlasoft Ltd.,443,2651,289,1863.0,Small-Cap,-28.390059427336574,14.682539682539684,LOW,NEGATIVE
304,KPR Mill Ltd.,358,3428,334,4788.0,Small-Cap,10.012836970474968,15.172413793103448,MODERATE,LOW
305,Great Eastern Shipping Company Ltd.,335,3829,-21,4558.0,Small-Cap,13.418246445497632,-89.95215311004785,NEGATIVE,LOW
306,Finolex Industries Ltd.,383,3145,367,7207.0,Mid-Cap,11.130742049469964,19.934640522875817,MODERATE,LOW
307,Electrosteel Castings Ltd.,421,2783,38,529.0,Small-Cap,22.545134302069574,-69.35483870967742,NEGATIVE,MODERATE
308,IFB Industries Ltd.,365,3346,72,2864.0,Small-Cap,18.35868411743898,-10.0,NEGATIVE,MODERATE
309,GE T&D India Ltd.,314,4277,212,4467.0,Small-Cap,-5.834434169969176,1.9230769230769231,LOW,NEGATIVE
310,Strides Pharma Science Ltd.,359,3420,324,3522.0,Small-Cap,-0.9843659525188188,-50.90909090909091,NEGATIVE,NEGATIVE
311,SREI Infrastructure Finance Ltd.,233,6550,486,460.0,Small-Cap,24.477385024705438,26.5625,MODERATE,MODERATE
312,Sun TV Network Ltd.,326,4025,1433,19712.0,Mid-Cap,28.676470588235293,26.25550660792951,MODERATE,MODERATE
313,Mukand Ltd.,341,3768,-115,455.0,Small-Cap,-22.453179666598068,-114.00730816077953,NEGATIVE,NEGATIVE
314,Jubilant Foodworks Ltd.,345,3610,319,21114.0,Large-Cap,18.671926364234057,62.755102040816325,HIGH,MODERATE
315,GlaxoSmithKline Pharmaceuticals Ltd.,367,3279,445,27779.0,Large-Cap,9.263578807064311,27.142857142857142,MODERATE,LOW
316,Prakash Industries Ltd.,329,3977,539,836.0,Small-Cap,35.13421678559293,39.637305699481864,MODERATE,MODERATE
317,The Fertilisers and Chemicals Travancore Ltd.,460,2466,163,2548.0,Small-Cap,19.418886198547217,-225.3846153846154,NEGATIVE,MODERATE
318,Kirloskar Oil Engines Ltd.,344,3693,219,2377.0,Small-Cap,17.275325500158782,52.083333333333336,HIGH,MODERATE
319,Blue Dart Express Ltd.,378,3193,89,5173.0,Mid-Cap,13.267115998581058,-38.19444444444444,NEGATIVE,LOW
320,Mahindra Logistics Ltd.,333,3858,85,2786.0,Small-Cap,12.741087083576854,32.8125,MODERATE,LOW
321,Dish TV India Ltd.,241,6218,-1144,2705.0,Small-Cap,32.693128467776354,1425.3333333333335,EXCELLENT,MODERATE
322,Tamil Nadu Newsprint And Papers Ltd.,305,4431,94,1277.0,Small-Cap,35.878564857405706,-323.8095238095238,NEGATIVE,MODERATE
323,JM Financial Ltd.,347,3578,572,7481.0,Mid-Cap,10.636982065553493,-9.206349206349207,NEGATIVE,LOW
324,Supreme Petrochem Ltd.,376,3203,49,1630.0,Small-Cap,5.327195001644196,-57.758620689655174,NEGATIVE,LOW
325,Astral Ltd.,452,2522,195,16415.0,Mid-Cap,18.015910154422087,11.428571428571429,LOW,MODERATE
326,Kothari Products Ltd.,257,5800,123,180.0,Small-Cap,-9.03387703889586,123.63636363636363,EXCELLENT,NEGATIVE
327,Venky's (India) Ltd.,393,3072,174,2474.0,Small-Cap,12.239678480087687,-12.562814070351758,NEGATIVE,LOW
328,Honeywell Automation India Ltd.,371,3245,358,24627.0,Large-Cap,19.521178637200737,43.77510040160642,MODERATE,MODERATE
329,JK Paper Ltd.,351,3542,427,2066.0,Small-Cap,13.525641025641026,64.23076923076924,HIGH,LOW
330,EPL Ltd.,425,2743,192,4278.0,Small-Cap,11.232765612327658,12.280701754385964,LOW,LOW
331,CG Power and Industrial Solutions Ltd.,188,8048,-503,937.0,Small-Cap,32.10768220617203,-56.749785038693034,NEGATIVE,MODERATE
332,Finolex Cables Ltd.,369,3259,407,5615.0,Mid-Cap,8.633333333333333,23.333333333333332,MODERATE,LOW
333,Amber Enterprises India Ltd.,429,2727,93,3128.0,Small-Cap,29.30298719772404,50.0,MODERATE,MODERATE
334,Castrol India Ltd.,328,3988,708,14637.0,Mid-Cap,8.576095834467738,2.460202604920405,LOW,LOW
335,AIA Engineering Ltd.,379,3190,510,15683.0,Mid-Cap,23.21359598300502,15.124153498871332,MODERATE,MODERATE
336,KNR Constructions Ltd.,471,2368,270,3378.0,Small-Cap,11.75082586125531,11.11111111111111,LOW,LOW
337,Paul Merchants Ltd.,286,4929,22,118.0,Small-Cap,3.68111064366849,-89.67136150234741,NEGATIVE,LOW
338,Cochin Shipyard Ltd.,380,3188,478,5315.0,Mid-Cap,26.558157999206035,20.707070707070706,MODERATE,MODERATE
339,Time Technoplast Ltd.,348,3566,202,1334.0,Small-Cap,13.60305829882128,12.222222222222221,LOW,LOW
340,Kesoram Industries Ltd.,312,4290,-363,754.0,Small-Cap,7.08936595107339,-37.088388214904676,NEGATIVE,LOW
341,Sanofi India Ltd.,414,2858,380,15532.0,Mid-Cap,16.843826655764513,16.56441717791411,MODERATE,MODERATE
342,Emami Ltd.,428,2729,303,14508.0,Mid-Cap,6.55993752440453,-1.3029315960912053,NEGATIVE,LOW
343,Forbes & Company Ltd.,409,2899,6,2370.0,Small-Cap,1.1161492849668644,-131.57894736842107,NEGATIVE,LOW
344,GHCL Ltd.,364,3356,350,2039.0,Small-Cap,14.500170590242236,-1.6853932584269662,NEGATIVE,LOW
345,Brightcom Group Ltd.,449,2577,443,172.0,Small-Cap,6.4876033057851235,8.845208845208845,LOW,LOW
346,Page Industries Ltd.,410,2888,393,25872.0,Large-Cap,15.151515151515152,13.583815028901732,LOW,MODERATE
347,PC Jeweller Ltd.,176,8764,0,1280.0,Small-Cap,-18.45166092863125,-100.0,NEGATIVE,NEGATIVE
348,Va Tech Wabag Ltd.,420,2788,105,953.0,Small-Cap,-19.51501154734411,-19.84732824427481,NEGATIVE,NEGATIVE
349,Transport Corporation of India Ltd.,417,2798,144,2140.0,Small-Cap,17.26739312657167,17.073170731707318,MODERATE,MODERATE
350,Nava Bharat Ventures Ltd.,377,3195,357,1185.0,Small-Cap,35.49618320610687,50.0,MODERATE,MODERATE
351,Kajaria Ceramics Ltd.,401,2974,226,11803.0,Mid-Cap,8.738574040219378,-3.418803418803419,NEGATIVE,LOW
352,Jai Balaji Industries Ltd.,387,3117,-153,201.0,Small-Cap,30.801510700797312,-40.234375,NEGATIVE,MODERATE
353,Galaxy Surfactants Ltd.,422,2767,190,5391.0,Mid-Cap,12.984891792568396,20.253164556962027,MODERATE,LOW
354,Trent Ltd.,407,2910,96,18304.0,Mid-Cap,19.802387813915193,11.627906976744185,LOW,MODERATE
355,ITD Cementation India Ltd.,450,2551,65,1030.0,Small-Cap,16.697163769441904,-9.722222222222223,NEGATIVE,MODERATE
356,Kirloskar Brothers Ltd.,363,3372,3,1135.0,Small-Cap,20.342612419700217,-93.87755102040816,NEGATIVE,MODERATE
357,V-Guard Industries Ltd.,446,2614,167,10072.0,Mid-Cap,10.528541226215644,24.62686567164179,MODERATE,LOW
358,SKF India Ltd.,385,3126,335,10643.0,Mid-Cap,11.882605583392985,13.559322033898304,LOW,LOW
359,Carborundum Universal Ltd.,427,2736,247,5934.0,Mid-Cap,14.957983193277311,14.883720930232558,LOW,LOW
360,Century Textiles & Industries Ltd.,318,4214,668,4766.0,Small-Cap,-49.1001328662882,80.05390835579514,HIGH,NEGATIVE
361,Phillips Carbon Black Ltd.,349,3548,383,2146.0,Small-Cap,38.21581612777562,67.98245614035088,HIGH,MODERATE
362,Godfrey Phillips India Ltd.,438,2665,260,6211.0,Mid-Cap,17.400881057268723,63.52201257861635,HIGH,MODERATE
363,3M India Ltd.,392,3076,366,25230.0,Large-Cap,17.449408171057655,18.064516129032256,MODERATE,MODERATE
364,Sadbhav Engineering Ltd.,261,5558,21,2143.0,Small-Cap,9.13017867661496,-800.0,NEGATIVE,LOW
365,Narayana Hrudayalaya Ltd.,412,2877,59,5949.0,Mid-Cap,24.599393676916414,15.686274509803921,MODERATE,MODERATE
366,Prime Focus Ltd.,439,2663,-22,1842.0,Small-Cap,16.23745089480576,-58.490566037735846,NEGATIVE,MODERATE
367,J Kumar Infraprojects Ltd.,415,2815,177,1204.0,Small-Cap,29.723502304147466,30.14705882352941,MODERATE,MODERATE
368,Orient Cement Ltd.,435,2686,47,1569.0,Small-Cap,11.776945484810653,6.8181818181818175,LOW,LOW
369,Zuari Agro Chemicals Ltd.,183,8215,-170,396.0,Small-Cap,5.917998968540485,-232.8125,NEGATIVE,LOW
370,Religare Enterprises Ltd.,468,2401,-1287,1147.0,Small-Cap,-10.84292610471593,7.969798657718121,LOW,NEGATIVE
371,Electrotherm (India) Ltd.,324,4054,141,174.0,Small-Cap,36.63633299629255,6950.0,EXCELLENT,MODERATE
372,Gujarat Alkalies & Chemicals Ltd.,374,3223,690,3081.0,Small-Cap,25.99687255668491,29.213483146067414,MODERATE,MODERATE
373,Heritage Foods Ltd.,441,2654,81,1531.0,Small-Cap,-5.853139411138701,30.64516129032258,MODERATE,NEGATIVE
374,Huhtamaki India Ltd.,469,2385,34,1855.0,Small-Cap,11.396543671181691,-46.03174603174603,NEGATIVE,LOW
375,Asahi India Glass Ltd.,405,2939,190,4881.0,Small-Cap,10.738507912584778,7.344632768361582,LOW,LOW
376,Akzo Nobel India Ltd.,403,2961,211,9119.0,Mid-Cap,0.8858603066439523,-47.25,NEGATIVE,LOW
377,Wheels India Ltd.,356,3448,76,1505.0,Small-Cap,32.41167434715822,1.3333333333333335,LOW,MODERATE
378,Minda Corporation Ltd.,381,3173,169,2145.0,Small-Cap,17.6056338028169,19.858156028368796,MODERATE,MODERATE
379,Maharashtra Seamless Ltd.,382,3166,234,2520.0,Small-Cap,37.9520697167756,11.428571428571429,LOW,MODERATE
380,RSWM Ltd.,398,2994,-38,242.0,Small-Cap,-0.8609271523178808,-290.0,NEGATIVE,NEGATIVE
381,Poonawalla Fincorp Ltd.,453,2514,304,1229.0,Small-Cap,1.9878296146044625,32.17391304347826,MODERATE,LOW
382,India Glycols Ltd.,362,3373,132,689.0,Small-Cap,11.87396351575456,37.5,MODERATE,LOW
383,Future Lifestyle Fashions Ltd.,237,6342,188,8105.0,Mid-Cap,28.77157360406091,49.2063492063492,MODERATE,MODERATE
384,Pfizer Ltd.,484,2248,429,18471.0,Mid-Cap,9.391727493917275,19.166666666666668,MODERATE,LOW
385,Graphite India Ltd.,187,8067,3395,5995.0,Mid-Cap,141.09384339509862,228.97286821705424,EXCELLENT,EXCELLENT
386,Himatsingka Seide Ltd.,442,2654,196,1350.0,Small-Cap,8.326530612244898,-2.4875621890547266,NEGATIVE,LOW
387,Simplex Infrastructures Ltd.,239,6229,122,287.0,Small-Cap,5.272942369443975,8.928571428571429,LOW,LOW
388,Mahanagar Gas Ltd.,413,2868,546,9984.0,Mid-Cap,25.240174672489086,14.465408805031446,LOW,MODERATE
389,Sobha Ltd.,352,3515,296,3877.0,Small-Cap,27.72529069767442,37.03703703703704,MODERATE,MODERATE
390,Mangalore Chemicals & Fertilizers Ltd.,391,3085,32,341.0,Small-Cap,9.630419331911868,-46.666666666666664,NEGATIVE,LOW
391,Patel Engineering Ltd.,445,2627,154,608.0,Small-Cap,1.4285714285714286,48.07692307692308,MODERATE,LOW
392,Century Plyboards (India) Ltd.,480,2287,148,3783.0,Small-Cap,9.530651340996169,-9.202453987730062,NEGATIVE,LOW
393,Usha Martin Ltd.,454,2509,47,939.0,Small-Cap,-45.33769063180828,-117.34317343173433,NEGATIVE,NEGATIVE
394,Nilkamal Ltd.,470,2382,117,1922.0,Small-Cap,11.256422232601588,-4.878048780487805,NEGATIVE,LOW
395,IFCI Ltd.,384,3134,-488,1292.0,Small-Cap,-10.813887307911212,-51.44278606965174,NEGATIVE,NEGATIVE
396,Rane Holdings Ltd.,434,2689,103,1156.0,Small-Cap,6.791104050833995,-20.76923076923077,NEGATIVE,LOW
397,Shankara Building Products Ltd.,440,2658,32,753.0,Small-Cap,0.7963594994311717,-56.16438356164384,NEGATIVE,LOW
398,Force Motors Ltd.,342,3734,143,1397.0,Small-Cap,5.420666290231508,-2.7210884353741496,NEGATIVE,LOW
399,Bharat Dynamics Ltd.,375,3205,422,6147.0,Mid-Cap,-33.409515894452525,-20.075757575757574,NEGATIVE,NEGATIVE
